,EUA_xts,EUA_futures_xts,oil_xts,gas_xts,electricity_xts,coal_xts,DAX_xts,BE500_xts,Temp_xts
06/01/2013,-0.004774339,-0.004815151,0.001632803,0.009330044,0.109833439,-0.000747911,-0.001016038,-0.002645645,0.007519629
13/01/2013,-0.016222571,-0.017476478,-0.001743454,0.001680502,-0.000957399,-0.001442375,-0.000413156,-0.000155473,-0.03854679
20/01/2013,-0.023320046,-0.023572229,0.003462582,0.004950788,-0.012797449,-0.000560625,0.000156367,0.005291998,0.007972313
27/01/2013,-0.025751689,-0.026592684,-0.000998367,-0.006767366,-0.008312123,0.002128831,0.001981397,0.005445311,-0.004997222
03/02/2013,0.011190263,0.006089727,-0.000653871,0.005494204,-0.046831968,0.00132705,-0.002537281,0.004089844,0.030381106
10/02/2013,0.000434217,0.005624589,0.001840514,0.001748458,0.033711709,9.97E-05,-0.001180803,-0.001644064,-0.019370622
17/02/2013,0.019522321,0.018344075,-0.000287469,-0.004088162,0.038235181,-0.00132612,-0.000428535,-0.003320146,0.015495691
24/02/2013,-0.011104148,-0.008020097,-0.00279561,0.029375136,-0.002286624,-0.001490873,0.002216568,-0.0001353,-0.005956171
03/03/2013,-0.003098975,-0.005434045,-0.0025043,0.024405136,-0.010636926,-0.000228795,-0.000720585,-0.000141406,0.008110286
10/03/2013,-0.019434401,-0.019329935,0.002720005,-0.026160874,-0.036516879,-0.002567134,0.005244815,0.002600472,0.010947689
17/03/2013,-0.015797912,-0.017140564,0.002774919,0.014665262,-0.004912038,0.000671905,0.00064974,0.0021228,-0.019688545
24/03/2013,0.027508424,0.030930228,0.002111486,0.000212091,-0.009066303,-0.000749637,-0.002461577,-0.000471164,0.000188356
31/03/2013,0.0165319,0.017272068,0.004702737,-0.015716057,-0.04597782,-0.006224254,1.14E-06,-0.001454148,0.022860565
07/04/2013,0.008018136,0.007317987,-0.007781986,-0.007578802,0.121860142,0.000836766,-0.00410066,-0.004919844,0.000583783
14/04/2013,-0.011798699,-0.011915635,-0.006351159,-0.018096449,-0.054623529,0.000215146,0.001151429,0.00226329,0.037322224
21/04/2013,-0.067729312,-0.067004265,-0.001425578,-0.002027905,0.003050194,-0.001839156,-0.004725231,-0.004532189,-0.007677665
28/04/2013,0.01210589,0.011006205,0.008493247,0.001023888,-0.019201295,-0.001010754,0.007120291,0.005161836,0.003477409
05/05/2013,0.024550037,0.026633223,0.002726789,-0.005694746,0.016258607,0.001065186,0.004680141,0.003196446,0.017485379
12/05/2013,-0.021109655,-0.024298427,0.000434345,0.000966121,-0.023208562,-0.000190603,0.002850753,0.001750909,-0.005971621
19/05/2013,0.009972292,0.014599202,0.002813716,0.006235152,-0.02746893,0.000571049,0.002692117,0.003324675,0.010641843
26/05/2013,-0.001292834,-0.005216675,-0.003205864,-0.003061138,0.063024079,2.71E-05,-0.001348235,0.002199402,-0.014227122
02/06/2013,0.016018828,0.015889376,-0.004185564,-0.001591147,-0.048008334,-0.001280994,-0.000865735,-0.001810888,0.011540922
09/06/2013,0.005160458,0.005355539,0.002405807,-0.008246675,-0.003726514,-0.003604194,-0.000289097,-0.003204855,0.008096109
16/06/2013,0.031958489,0.030993601,0.002750472,0.000700157,-0.134639116,-0.002491874,-0.003948482,-0.003054439,0.005037108
23/06/2013,-0.013657094,-0.015552676,-0.002269958,-0.04334212,-0.014303725,-0.001313244,-0.008294069,-0.007044717,-0.001149588
30/06/2013,0.000113695,0.002712559,0.005014637,0.055795902,-0.008020157,-0.007145081,0.004567576,0.006335728,-0.005709721
07/07/2013,0.001019199,0.000335477,0.010041481,0.007856051,0.005959682,-0.003695709,-0.001102702,0.005202778,0.014395627
14/07/2013,-0.00705468,-0.007215963,0.001909899,-0.002345284,0.020992479,-0.000154792,0.005542702,0.005628023,-0.005202251
21/07/2013,0.00603548,0.004850911,0.000204796,0.001307686,0.014842308,0.000679832,0.00179048,0.003820804,0.003538836
28/07/2013,0.003591256,0.004581654,-0.004647233,0.002975761,0.010160848,-0.000463171,-0.001324857,0.000516436,0.007884515
04/08/2013,0.003069957,0.002831103,0.00284079,0.003289287,-0.005885254,-3.09E-05,0.002520202,0.003201429,-0.00248261
11/08/2013,-0.001746175,-0.000215796,-0.001410344,-0.005285616,-0.025102123,0.002149192,-0.000835023,0.000435297,-0.007437354
18/08/2013,-0.000550086,-0.001410678,0.001404422,7.75E-05,0.060724545,0.001153304,0.000385516,-0.000556259,0.002718529
25/08/2013,0.00337688,0.00323464,-0.001943665,-0.009468092,-0.034613747,-0.000848899,0.000922519,-0.001518149,-0.013874816
01/09/2013,0.002877488,0.002745307,0.004682711,0.00863873,-0.041899461,0.000334098,-0.003989407,-0.000929791,-0.000759024
08/09/2013,0.024116243,0.022944821,0.00188713,-0.001502467,0.051127356,-0.002416958,0.001372641,0.003593811,-0.0022892
15/09/2013,0.002473779,0.003692513,-0.004620255,0.00818008,-0.018746289,0.001106472,0.005126246,0.002093016,-0.005892047
22/09/2013,-0.001585361,-0.002098307,-0.006400324,-0.00468364,-0.005367484,0.001280145,0.001165879,7.00E-05,-0.001529701
29/09/2013,-0.006708992,-0.006670883,-0.002089823,-0.002671393,-0.010875017,0.00078676,-0.000529544,-0.000101625,-0.009525092
06/10/2013,-0.003381392,-0.00317266,0.000683333,-0.001833338,0.057443874,0.002927136,-0.000244362,-0.00031032,-0.003304954
13/10/2013,-0.008316526,-0.008354327,-0.001388895,0.009875082,-0.032920408,0.000147748,0.00201361,-0.000542172,-0.003807245
20/10/2013,0.000703484,0.000100005,-0.004803668,-0.001894891,0.00265698,0.000736455,0.00231237,-0.000152648,0.000693855
27/10/2013,0.003270546,0.003651815,-0.003103129,-0.029525241,-0.114967065,0.004369237,0.001833012,-0.003866734,0.011965565
03/11/2013,-0.008893556,-0.009571029,-0.002599924,0.027877186,0.050558185,0.00093733,0.000736429,0.006307885,-0.017711693
10/11/2013,-0.001362051,0,0.001729576,-0.002772524,0.051516825,0.000649673,0.001112413,-0.002219782,-0.009826871
17/11/2013,-0.004382793,-0.006283959,-0.003659367,0.003410097,0.014106779,0.000309672,0.001693851,0.001239683,-0.01321978
24/11/2013,0.000433558,0.001084722,0.00133038,0.00269538,0.002273636,-0.000337857,0.001027604,0.001214194,-0.004316035
01/12/2013,0.001078172,0.002357786,-0.001772001,0.007389408,0.033050765,0.000871169,0.001990256,0.001566112,-0.007787187
08/12/2013,0.012734205,0.011728718,0.004389459,-0.006606594,-0.056452158,0.000531328,-0.00331195,-0.004427776,-0.014078256
15/12/2013,-0.004795655,-0.001773422,-0.000604446,0.004864592,-0.007695188,0.000445906,-0.001192749,-0.002937315,0.005038147
22/12/2013,0.00241795,0.001969117,0.003161642,-0.004600513,-0.058880986,0.000472255,0.005355982,0.006512083,0.007253701
29/12/2013,0.00432338,0.004563956,-0.000736785,-0.004107061,0.048936415,0.002239406,0.001061038,0.001871377,-0.007982265
05/01/2014,-0.007159267,-0.006993724,-0.007231909,-0.00240238,-0.044488157,-0.00140557,-0.002018414,-3.40E-05,0.008628312
12/01/2014,-0.003405207,-0.003833967,-0.002616684,-0.00056747,0.091071429,-0.003988015,0.001018538,0.000906458,-0.013415185
19/01/2014,0.012299602,0.011584051,0.00515906,-0.00585488,0.020819437,-0.000656553,0.003375022,-0.001588875,-0.006489521
26/01/2014,0.01034712,0.010101082,0.000564156,0.005424626,-0.031422012,-0.001524514,-0.005410562,-0.003993469,-0.027205176
02/02/2014,0.009980836,0.00984441,0.002874297,-0.010196454,0.026174282,-0.003661327,-0.002105318,-0.004092809,0.019737392
09/02/2014,0.015946226,0.015746871,0.003390101,-0.002319027,-0.019753864,-0.004184715,0.001039374,0.001890225,0.024760602
16/02/2014,0.006608548,0.007162259,0.000993157,-0.004554049,-0.006714211,-0.000827272,0.005499533,0.002999267,0.001444733
23/02/2014,0.006519855,0.006486863,0.001631572,-0.005822787,-0.034418306,-0.000153726,0.000486816,-0.002273138,0.005072703
02/03/2014,-0.005953242,-0.00087047,0.001868185,-0.000200971,0.031221266,-0.000771119,-0.003305226,-0.003591752,-0.006221781
09/03/2014,0.00335328,-0.002849097,-0.004713834,0.004977339,-0.013762432,-0.007101529,-0.002680559,0.002950641,0.015774202
16/03/2014,-0.018097714,-0.018057369,-0.005791081,-0.000494089,-0.179725348,0.003384175,-0.005177454,-0.006187057,0.002712218
23/03/2014,-0.001510888,-0.001959662,0.002438635,-0.007038867,0.047807541,-0.000127779,0.001566404,0.001535741,-0.002767176
30/03/2014,-0.038902645,-0.039371522,0.003791444,-0.013412981,-0.00301577,-3.20E-05,0.004955877,0.004131738,0.010822261
06/04/2014,0.0103242,0.009939278,-0.000925483,-0.003289245,0.002440737,-0.001930966,9.19E-05,-0.00034467,0.00635525
13/04/2014,0.0103565,0.011008802,0.003292628,0.003505305,-0.063165921,0.002026833,-0.003646952,-0.005361068,-0.004044308
20/04/2014,0.008890193,0.008708189,0.001043104,0.003023544,-0.013926897,-0.000544096,0.002920532,-0.002977955,0.006190498
27/04/2014,-0.011548503,-0.012345741,-0.005430727,-0.005241153,0.091095654,-0.001774646,-0.001394485,-0.004632059,0.003114098
04/05/2014,0.001564313,0.00164837,-0.001976472,-0.00864801,-0.017857233,0.000129811,0.001610349,-0.001993152,-0.009704809
11/05/2014,0.00140441,0.00076336,0.002492072,-0.001308839,-0.099785234,0.000272294,0.000901894,0.002589996,0.026318172
18/05/2014,-0.016092443,-0.015081511,0.003366356,-0.007705194,0.047084894,0.000739444,-0.000189821,-0.001999648,0.007575372
25/05/2014,0.011230703,0.010135962,0.003404033,-0.00325205,-0.015256564,0,0.002958612,0.003481227,0.009194752
01/06/2014,0.001466738,0,-0.002198159,-0.001200286,0.003238468,-0.002948285,0.001394306,0.001193575,-0.008492274
08/06/2014,0.00831472,0.009856124,0.001839859,-0.024330231,-0.050628769,-0.001150357,0.00076833,0.004202966,0.020445121
15/06/2014,0.004587255,0.004831482,0.004664737,0.017739146,0.031503246,0.000461255,-0.001549189,-0.000945847,-0.0142305
22/06/2014,0.002343345,0.001837954,-0.000866152,-0.021868454,0.009139825,-0.000758564,0.000711768,0.001302389,0.001268488
29/06/2014,0.001568514,0.001239728,-0.00225343,0.015011484,0.00074276,-0.001262173,-0.001675322,-0.001145474,0.000918268
06/07/2014,-0.006122787,-0.004344529,-0.00179025,-0.018586376,-0.004049108,-0.002864315,0.001637674,0.002756083,0.010711498
13/07/2014,0.006614551,0.005899563,-0.003926813,0.003997929,-0.007832133,-0.000819255,-0.002849129,-0.003491584,-0.012008519
20/07/2014,0.004668423,0.004723642,0.005426684,0.008716557,0.008550116,-0.001065206,-0.001415606,-0.00289107,0.015957613
27/07/2014,0.003365183,0.003346847,-0.002300527,0.00409155,0.00854414,0.001372977,-0.000513089,-0.001130489,0.000349685
03/08/2014,0.002073212,0.001301843,-0.005053455,-0.014187582,-0.010923024,-0.000994091,-0.006703147,0.00261518,-0.001106618
10/08/2014,-0.005359227,-0.004806282,-4.56E-05,0.005895202,-0.050678456,0.002252453,-0.000768095,-0.000951272,0.001144813
17/08/2014,0.011098996,0.010952817,-0.00104224,0.039958987,-0.029325195,-0.000189708,-0.000680713,-0.000494216,-0.018077638
24/08/2014,-0.000601505,-0.000675449,-0.003221928,-0.00309512,0.073028038,-0.001980365,0.003964463,0.005103729,-0.002358464
31/08/2014,0.001349841,0.001422221,0.002313973,0.007862578,-0.009734227,-0.002147747,0.000346051,0.001189246,0.00412788
07/09/2014,-0.002864777,-0.003086888,-0.000228723,0.003110037,0.010130722,-0.00414313,0.004134855,0.003641283,0.003492164
14/09/2014,-0.006943373,-0.006859708,-0.000325483,0.001414923,0.003597031,-0.00043181,-0.001436054,0.001335989,-0.006606273
21/09/2014,0.001114833,0.000955037,-0.000113096,0.004085153,-0.034360491,0.000216068,0.001608084,0.001029093,6.20E-05
28/09/2014,-0.004676329,-0.004840344,0.00524671,0.002338615,0.048116563,-0.002248623,-0.004769246,0.002063355,-0.008499301
05/10/2014,-0.004242358,-0.003068747,-0.004894411,-0.002364433,-0.022431211,-0.000769726,-0.003667529,-0.002343873,-0.009978744
12/10/2014,0.009630798,0.009093979,-0.008127221,0.007796349,0.010783063,-0.000995781,-0.006370251,-0.010690268,0.005198903
19/10/2014,0.001725917,0.001953232,-0.006616271,-0.033880161,-0.038098264,-0.000816541,-0.000693313,-0.002603653,-0.001057625
26/10/2014,0.004905448,0.004431219,-0.001919265,0.030857445,0.02007825,0.000853546,0.002730417,0.002400601,-0.021783161
02/11/2014,0.00349811,0.003859233,-0.000762984,0.001786772,-0.04170295,-0.002275022,0.005426124,0.007057248,-0.001048806
09/11/2014,0.005056139,0.005177071,-0.002001521,0.009546696,0.071511305,-0.001359835,0.000846001,0.001912817,0.001240122
16/11/2014,0.001693142,0.001754593,-0.004410451,-0.001989912,0.009519429,0.001435003,-0.000664556,0.001503885,-0.006111467
23/11/2014,0.004894499,0.004463576,0.001257423,0.007006405,-0.012171228,0.000225268,0.007188144,0.004562487,-0.01033381
30/11/2014,0.000608623,-6.76E-05,-0.016517393,0.003411041,-0.002520227,0.000337237,0.002915751,0.002271197,-0.010580665
07/12/2014,-0.00812183,-0.007498598,-0.006884506,-0.00752308,0.008016083,-0.002796764,0.000995923,0.003548029,-0.002446377
14/12/2014,0.002828947,0.002963069,-0.019238266,-0.001745041,-0.007074801,0.001367428,-0.009078348,-0.007417431,0.002176617
21/12/2014,0.005697196,0.006015926,7.33E-05,-0.007087637,-0.234279573,-7.56E-05,0.006210261,0.006405699,0.001515587
28/12/2014,0.003259746,0.003144937,-0.00355292,0.006031846,0.232317618,-0.001024886,0.001254701,0.002698946,-0.046265961
04/01/2015,-0.005977034,-0.005984595,-0.005718554,-0.014305429,-0.012174344,-0.002847234,-0.005216764,-0.003007229,0.037582041
11/01/2015,-0.004883288,-0.005003291,-0.01044334,-0.006042878,-0.066206292,-0.002588205,0.002472541,-0.000931937,0.007438093
18/01/2015,0.009870317,0.009771234,0.005537037,-0.004481051,0.090743748,0.00137837,0.00687477,0.004391431,-0.012190643
25/01/2015,-0.007268368,-0.007386719,-0.00342431,-0.004702804,-0.018149104,0.002986399,0.007241172,0.010420589,-0.002912203
01/02/2015,0.005602959,0.005324485,0.010999262,0.016751607,0.017476517,0.004533129,0.000460441,-0.005275603,-0.001743757
08/02/2015,-0.003596214,-0.003321621,0.009290394,-0.000341253,-0.061473015,0.009040733,-0.000783457,-0.00185616,-0.006797932
15/02/2015,0.014120834,0.01384624,0.000774018,0.009155713,0.036287423,0.0040942,0.002798392,0.004111095,0.015025377
22/02/2015,-0.001879726,-0.000999442,-0.008699645,0.000200142,-0.016384549,0.001283056,0.00217186,0.00309274,0.006632239
01/03/2015,-0.010941464,-0.011617618,0.001835403,-0.004040641,-0.024217856,-0.000235488,0.003849673,0.005698963,0.012263366
08/03/2015,-0.005483167,-0.005970604,0.004861672,-0.014386457,0.053657799,-0.011311273,0.002042504,0.000954123,0.001620965
15/03/2015,-0.005334337,-0.004977602,-0.013199533,0.003905283,-0.033278945,-0.001575714,0.006129248,0.002941375,-0.004114771
22/03/2015,0.011564561,0.011219926,0.003737608,-0.006198974,0.041375101,-0.003733088,-0.001609606,-0.000658404,-0.002909727
29/03/2015,-0.003705436,-0.002671585,0.006348807,0.005185798,-0.13467563,-0.008693759,0.000832044,-0.006640572,0.017052328
05/04/2015,0.005455828,0.005693353,0.006002434,0.00147295,0.06803069,-0.009043035,0.000565127,-3.85E-05,-0.010551294
12/04/2015,-0.003878107,-0.005278346,0.007886814,-0.000197836,-0.018559572,-0.003446797,0.005134749,0.00426068,0.034071172
19/04/2015,0.003293682,0.002809946,0.009172971,-0.007008022,0.062069162,0.006819139,-0.006224164,-0.006294152,-0.016050989
26/04/2015,0.003881135,0.006241035,0.000500822,0.002013068,0.009917292,0.007375169,0.001668181,0.010631378,0.020435933
03/05/2015,0.006611204,0.003703288,0.001248933,-0.006249148,-0.018193359,0.003683588,-0.004667839,-0.007726185,0.002174236
10/05/2015,0.000723011,0.001150618,0.00053065,-0.007010662,-0.007657016,-0.001191604,0.001314049,0.000168988,0.008883325
17/05/2015,-0.000994296,0.000814003,-0.001988805,0.00752944,0.004046123,-0.001904013,-0.001725326,-0.000239913,-0.002831424
24/05/2015,-0.005517101,-0.005570495,0.00373319,-0.002421285,-0.035144197,-0.002048731,0.002147611,0.003907944,0.001600398
31/05/2015,0.000163996,-0.00140265,0.003612174,-0.001424349,0.041461406,-0.004474098,-0.003597182,0.000470477,0.004154417
07/06/2015,0.003529115,0.003497131,-0.007582244,0.004080821,-0.003682089,-0.000122888,-0.004052456,-0.006196253,0.014025135
14/06/2015,0.0020007,0.002158771,0.001839135,4.70E-05,0.005757095,0.005072384,-0.000689908,-0.001315949,-0.000760575
21/06/2015,-0.001777011,-0.00209481,-0.000993636,-0.007642996,0.005921251,1.27E-16,0.003382505,0.001676133,-0.010393534
28/06/2015,-0.000832615,-0.000191969,-9.97E-05,0.00093865,0.011827423,0.000394961,-0.001277189,-0.002981797,0.011581964
05/07/2015,-0.000579282,-0.000706103,-0.011607123,0.003444383,0.00363166,-0.000672084,-0.003519829,-0.00319496,0.01382814
12/07/2015,0.005875564,0.006109436,-0.003072957,0.002383391,0.014402256,0.000593179,0.006150503,0.002271576,-0.010710261
19/07/2015,0.00330391,0.002929254,-0.002760807,-0.003532007,0.002727748,0.000315358,0.003541176,0.001123088,0.008332336
26/07/2015,0.002041709,0.002217672,-0.010922302,-0.002512591,-0.042092724,-0.000236453,-0.007017173,-0.003785214,-0.011144564
02/08/2015,-0.001377958,-0.001614898,-0.004369679,-0.003000075,-0.010378599,-0.002868394,0.003109012,0.003219131,0.004200648
09/08/2015,-0.001148424,-0.001086831,-0.00422531,-0.004304699,0.024365391,0.00219631,0.002089953,-0.000487613,0.007119649
16/08/2015,0.007333682,0.007151737,-0.009546787,0.001723118,0.023518541,-0.002075636,-0.00775976,-0.007483957,-0.007500541
23/08/2015,-0.001565097,-0.001273968,-0.015634688,-0.015098232,-0.038426698,-0.001495477,-0.015815855,-0.013832832,-0.005313836
30/08/2015,-0.002054689,-0.001461616,0.032799583,0.003479686,0.019778991,-0.000406885,0.006622781,0.008235781,0.009791686
06/09/2015,0.000354338,-0.000353024,-0.005275848,0.017466258,-0.012525345,-0.000448916,-0.002630148,-0.000335528,-0.023786319
13/09/2015,0.002456057,0.002453045,-0.007741869,-0.00169345,0.005979239,-0.001437827,0.000620878,-0.002299886,0.002545406
20/09/2015,-0.003402918,-0.003636133,0.006546405,-0.005929293,0.011373087,0.000247515,-0.002723661,-0.002008564,-0.001120752
27/09/2015,-0.001792459,-0.001372776,-0.003110579,0.001425897,-0.009033169,-0.004055032,-0.005657235,-0.007396045,-0.008041023
04/10/2015,0.00420634,0.004486791,0.003854568,-0.007070815,0.018733591,-0.006772983,0.002603489,0.005548933,-0.002216145
11/10/2015,0.002488561,0.002705818,0.003640307,-0.000790794,-0.017208338,-0.001026309,0.005538477,0.002741879,-0.018014381
18/10/2015,0.000915021,0.000398645,-0.004360987,0.006581019,0.053650594,-0.00026895,0.00045507,-0.001403765,0.001885752
25/10/2015,0.004599646,0.003704951,-0.002967221,0.000269464,-0.035644777,-0.000539423,0.008934775,0.009214058,-0.004489411
01/11/2015,-0.000442283,0.000332097,0.006920724,-0.010905002,0.001581726,0.000135047,0.001553648,0.003055597,-0.002973889
08/11/2015,-0.004328484,-0.004321681,-0.003697361,-0.010706396,-0.047382705,-0.0017201,-0.000579337,0.003952554,0.011377646
15/11/2015,0.001983765,0.00186818,-0.008100498,-0.010870662,0.008836355,0.000590789,-0.00213591,-0.007477929,-0.009671845
22/11/2015,0.001400297,0.000952945,0.000614229,0.017645534,0.068929004,0.000723787,0.005107086,0.003836504,-0.029352631
29/11/2015,0.000500766,0.000780033,0.00205676,0.005752658,-0.095791994,0.001481329,0.003197199,0.00299382,0.006479416
06/12/2015,-0.002013681,-0.000724175,-0.015370042,0.000396673,0.067714396,-0.001391112,-0.006583504,-0.005682024,0.009085417
13/12/2015,-0.005089013,-0.009108138,-0.010973445,-0.010168491,0.004603669,-0.001587066,-0.00862495,-0.007813471,-0.019439599
20/12/2015,-0.000248308,0.003236861,-0.003813677,-0.016993135,-0.074023503,-0.00031954,0.004523273,0.002313138,0.02119108
27/12/2015,0.002722274,0.002400435,0.008441916,-0.001902289,0.029966258,-0.001446841,0.001806748,0.004010892,-0.016808828
03/01/2016,-0.003766959,-0.003933214,0.000652605,-0.002051039,-0.016392116,-0.004216454,-0.003982416,-0.005235524,-0.036433293
10/01/2016,-0.015883833,-0.016161582,-0.020798059,0.012125469,0.028860947,-0.001313583,-0.007667548,-0.007488487,0.02990536
17/01/2016,-0.010941778,-0.010733854,-0.0150785,-0.002178167,0.020728802,-0.002029804,-0.004478808,-0.003404178,-0.035390189
24/01/2016,-0.01520953,-0.015193578,0.011120712,-0.010743013,-0.045135502,0.000145946,0.003202887,0.010873391,0.021982328
31/01/2016,-0.005479682,-0.005309491,0.005360018,0.003894803,-0.041131048,0.001739824,0.000374228,0.004980325,0.031334492
07/02/2016,-0.011900944,-0.012229162,-0.01372645,-0.015526802,-0.063335749,0.005558612,-0.010456086,-0.012305371,-0.004337777
14/02/2016,-0.012592627,-0.012690173,-0.004520151,0.005288625,0.083841458,-0.002328991,0.000712585,-0.005560896,-0.001004926
21/02/2016,0.011966255,0.011794514,0.009414424,-0.003744851,-0.035072507,-0.000942333,0.005897598,0.009803536,0.010006071
28/02/2016,-0.009165992,-0.008705591,0.013549029,0.005730101,0.031654145,0.000330524,-0.000155933,0.006145916,-0.015013781
06/03/2016,0.001142863,0.001614222,0.013860993,-0.000113514,0.029386627,0.001454626,0.004333618,0.00422303,0.003694417
13/03/2016,-0.003359241,-0.004118862,0.000211088,-0.006683575,-0.009901221,0.002223502,0.002073713,0.00091959,0.005291268
20/03/2016,-0.000486405,0.000291248,0.005989684,0.006029114,-0.011651682,0.000733543,0.000174466,-6.69E-05,-0.000145374
27/03/2016,-0.003152837,-0.003236861,-0.000408496,-0.011039503,-0.401727723,-0.002782082,-0.00109624,-0.000513706,0.009936704
03/04/2016,0.013670069,0.013525524,-0.015237569,0.002307525,0.411756903,-0.002433621,-0.000876187,0.002425652,0.018728885
10/04/2016,0.006546922,0.006612897,0.015105656,-0.007420192,-0.020026537,-0.000522678,-0.002203329,-0.001523057,-0.006871507
17/04/2016,-0.00104149,-0.001820965,0.000594338,0.007101501,0.002044287,0.002266872,0.00628567,0.001776549,0.010179895
24/04/2016,0.009864835,0.011562161,0.011245833,0.015954131,0.0145192,0.000514464,0.003125266,-0.003545451,-0.018975242
01/05/2016,0.005795126,0.005137878,0.003932322,-0.001392674,0.00704961,-0.000233618,-0.003156772,-0.001853401,0.014696658
08/05/2016,-0.005046749,-0.009459343,-0.001003702,-0.006540678,-0.126703296,-0.001050216,-0.004512461,-0.008258607,0.022438708
15/05/2016,0.003517864,0.004574815,0.011658335,-0.000159901,-0.005195378,0.000754612,-0.000317833,0.001476788,-0.017506298
22/05/2016,-0.00300763,-0.002114528,0.003583731,0.001662914,0.048674782,0.000937694,-0.000789473,0.002763143,0.01819354
29/05/2016,0.006739037,0.005815451,0.00459412,0.008103976,-0.023421254,0.004507779,0.006381123,0.007227502,0.007980922
05/06/2016,0.000781496,0.000467618,-0.002484062,0.01739702,0.029590773,0.004939643,-0.002830985,-0.002199143,-0.002000994
12/06/2016,-0.005319552,-0.005391475,-0.000131655,-0.009381028,-0.005827813,-0.003722295,-0.005743977,-0.005330361,-0.003375705
19/06/2016,-0.002529956,-0.002362676,-0.000340673,-0.00541815,-0.011890461,-0.000765268,0.00197553,-0.000501167,0.005328666
26/06/2016,-0.025634837,-0.02566855,-0.003598775,0.015972894,0.004228859,0.002461186,-0.007241908,-0.004241984,0.010034167
03/07/2016,0,0.000294652,0.002688169,-0.006703094,0.014933134,0.013171394,0.005485767,0.00614656,-0.004775535
10/07/2016,-0.011483942,-0.011541005,-0.007893158,-0.001066524,-0.028636354,0.00152919,0.000499127,0.002252472,0.008761066
17/07/2016,0.012465782,0.012713573,0.001374197,-0.001557559,0.023925834,0.003596815,0.004306862,0.004737233,-0.005998074
24/07/2016,-0.008672892,-0.009245742,-0.00525291,0.013569433,0.015376787,0.000272963,0.001650128,0.00530366,0.008673016
31/07/2016,-0.006269933,-0.006043838,-0.012297994,-0.00572899,-0.015856495,0.009931422,0.002110543,0.001130497,-0.004488312
07/08/2016,0.014746995,0.015192232,0.008113058,-0.00551669,-0.047837001,0.002128198,0.001071552,0.001031006,-0.002043469
14/08/2016,-0.001081884,-0.001468226,0.00757132,-0.036414795,0.039170334,0.002835967,0.004324621,0.002441503,-0.003412909
21/08/2016,0.000394361,0.000784931,0.004984699,0.007002348,0.001826324,0.000245489,-0.002953828,-0.003897826,0.000737012
28/08/2016,-0.004297531,-0.005180883,0.000565861,0.00189582,0.003042281,-0.001975828,0.000649042,0.001933465,0.003612413
04/09/2016,-0.023910995,-0.022954626,-0.008067854,-0.000197579,0.034197716,0.005437523,0.001576975,0.002076377,-0.004183409
11/09/2016,0.002967642,0.002011272,0.004441756,-0.023881462,-0.014930715,0.000580235,-0.002661962,-0.006846031,0.001360907
18/09/2016,0.011181412,0.01150695,-0.008693247,0.029736899,0.006984396,0.002665889,-0.00188953,0.00088745,-0.016387619
25/09/2016,0.006995887,0.005944394,0.006274753,0.008954039,0.006815466,0.00126482,0.001786839,0.004675277,-0.00513795
02/10/2016,0.017319531,0.018228635,0.009944077,0.013616986,-0.025241721,0.011976594,0.00127467,0.000436288,-0.001856864
09/10/2016,0.012620973,0.012185944,0.007263853,0.005825232,0.070781372,0.010654313,0.000194012,-0.000635166,-0.02093984
16/10/2016,0.004296779,0.004385765,-0.00017769,0.015326469,-0.025653683,0.010257179,-0.000683533,-0.004128007,0.006968551
23/10/2016,-0.000407581,-0.000244688,0.003154849,0.018731523,-6.81E-05,0.003664204,0.00289012,0.004250636,-0.011084853
30/10/2016,0.001381058,0.001542661,-0.010219033,0.000113094,0.003833065,0.015888026,-0.000919759,0.000519323,-0.001431022
06/11/2016,0.00915914,0.009376168,-0.010308173,0.002187633,-0.017820744,0.009502159,-0.003857333,-0.002976884,-0.01086401
13/11/2016,-0.019119249,-0.017946006,-0.000449534,0.005103234,0.006789147,-0.005250279,0.003987168,-0.001940476,-0.014150786
20/11/2016,0.002771964,0.00167365,0.014259186,0.006692143,-0.046696564,-0.003302741,-0.000385018,0.008309778,0.020077945
27/11/2016,-0.019088245,-0.018977357,-0.000301705,0.001545498,0.026691969,-0.012813772,-0.000761064,-0.001014694,-0.00678614
04/12/2016,-0.015073428,-0.01592995,0.012558679,-0.0001538,0.025794659,-0.014186822,8.25E-05,-0.003269681,-0.030528453
11/12/2016,0.012485005,0.012943281,0.00344533,-0.009245136,-0.004153979,-0.002902857,0.007425427,0.003413338,0.017058247
18/12/2016,0.008861443,0.008589628,0.001286405,0.00606908,0.027220283,0.001748783,0.002835949,0.006154765,-0.016704722
25/12/2016,0.044813687,0.046424339,0.00367226,0.007027647,-0.383210413,0.000694043,0.000538603,0.003087591,0.012151274
01/01/2017,-0.001059887,-0.000971305,-0.002584031,0.006221235,0.38907307,0.005396666,0.001340201,0.000681119,-0.045222098
08/01/2017,-0.027189715,-0.027173802,-0.002087205,-0.00379221,0.027122948,-0.011496794,0.000202827,-0.001524808,-0.030305838
15/01/2017,-0.01087689,-0.0104739,-0.001982421,0.011862141,0.051656918,0.000977493,4.78E-05,0.001505817,0.035869037
22/01/2017,0.015309027,0.015081138,2.91E-05,0.009595674,-0.00850504,0.001027754,-6.98E-05,0.002441761,-0.014887189
29/01/2017,-0.007402634,-0.007388451,0.000734436,-0.009842825,-0.053754453,-0.000142302,0.001865639,-0.000852695,0.008104891
05/02/2017,0.001214223,0.00065381,0.000452308,0.019552889,0.024862495,-0.003021565,-0.0020734,0.000512477,0.028131772
12/02/2017,-0.004152019,-0.003968509,0.001785558,-0.021885894,-0.054035069,-0.003384353,0.002226742,0.003578146,-0.014764197
19/02/2017,0.001996705,0.001998035,0.001716646,-0.016243354,-0.043582566,0.000148825,0.000794627,0.000760929,0.021757921
26/02/2017,0.006686483,0.006194065,0.000608123,-0.003682089,-0.010692556,0.004047548,0.000149628,-0.002062779,0.002685752
05/03/2017,0.006215034,0.007060468,-0.001832189,-0.007691255,0.04198292,-0.003305739,0.001980163,0.001135045,0.01203738
12/03/2017,-0.010050356,-0.009708583,-0.014729299,-0.004528862,-0.009622494,-0.00023696,-3.66E-06,0.000197222,-0.004393813
19/03/2017,-0.002492816,-0.00373504,-0.001031084,-0.00295577,-0.031818647,0.001269063,0.001020974,0.003478102,0.011873558
26/03/2017,-0.010051015,-0.011111796,-0.003235849,-0.009053965,0.026405985,-0.000146988,-0.000571884,0.002569853,-0.003042857
02/04/2017,0.000529521,0.004231621,0.00970771,0.002475391,0.010817251,0.009610809,0.003021992,0.002191792,0.018742899
09/04/2017,0.001741084,0.000989319,0.007748319,0.002987268,-0.045782541,0.001068454,-0.0007825,-0.000467012,-0.000831245
16/04/2017,0.002816466,0.001275957,-0.000673093,-0.003858617,-0.011234732,-0.0051408,-0.001941928,-0.000950517,-0.013134632
23/04/2017,-0.008435338,-0.007729317,-0.011523537,0.001294212,0.029532131,-0.000254875,0.003232695,0.002850408,-0.002133984
30/04/2017,-0.003506299,-0.001594789,-0.002154104,0.017366905,-0.0057389,-0.001074309,0.001914584,0.000792691,0.004775399
07/05/2017,0.000872929,0.000497513,-0.009401684,-0.00614703,0.024840151,-0.008467885,0.002799441,0.003135521,0.010569018
14/05/2017,0.00106214,-0.002469595,0.006411861,-0.002810882,0.01193553,-0.003966732,0.001040283,0.000324241,0.0105787
21/05/2017,0.009070902,0.015094819,0.002621501,-0.000881107,-0.001497964,0.002348566,-0.001899043,-0.004704005,0.003011415
28/05/2017,0.009089385,0.008235849,-0.001902735,-0.004633611,0.00336795,-0.001089051,-6.61E-05,-0.000315577,0.011389701
04/06/2017,-0.001545936,-0.003256409,-0.007660292,-0.0073915,-0.039672514,0.003587889,0.001536904,0.00022958,-0.00718256
11/06/2017,-0.00280634,-0.002947573,-0.003775272,0.002786639,-0.017768088,0.006467447,-0.000272726,-0.001559191,0.010865963
18/06/2017,-0.001545461,-0.001448378,-0.004737983,-0.013597344,0.061898701,0.002907077,0.001243858,0.002214902,0.002656646
25/06/2017,-0.002745452,-0.002447082,-0.003961083,0.014594225,-0.02032471,-0.000883655,-0.000950677,0.00095471,-0.000144118
02/07/2017,0.00826995,0.008247736,0.008710659,-0.000228553,-0.00266296,-0.001097423,-0.003779437,-0.00614569,-0.006087436
09/07/2017,0.007551674,0.007797439,-0.007801833,-0.00453147,0.030193308,0.004311114,1.83E-05,0.001714718,0.007661086
16/07/2017,0.001147453,0.000879665,0.00500418,-0.007302141,-0.009588852,0.003029897,0.001999706,0.003840008,-0.005811805
23/07/2017,-0.00823273,-0.007933539,-0.00235995,0.013527612,0.007033586,0.003685399,-0.004405469,0.006613671,0.006355284
30/07/2017,0.002492563,0.002116441,0.009788007,0.006084654,-0.028566407,0.007751449,-0.001011971,-0.001775679,0.002463919
06/08/2017,0.002359829,0.002355339,-0.00151173,0.006562,0.004582644,0.006007044,0.001611245,0.001268096,-0.002832483
13/08/2017,0.004431408,0.00468426,-0.004563336,0.007338992,-0.000775229,0.000674268,-0.001826875,-0.00294243,-0.00751101
20/08/2017,0.00781113,0.007371081,-0.000692542,0.006220312,-0.017334479,0.004076998,-0.000185372,-0.000132613,0.001576363
27/08/2017,0.007641241,0.008261794,-0.004033488,-0.00383289,0.039602565,-0.000436502,0.000462529,0.001045299,0.004548905
03/09/2017,-0.004616398,-0.005238682,0.003715439,0.004105455,-0.008017755,-0.002202741,-0.000266309,0.001199135,-0.016488233
10/09/2017,0.023241256,0.023435111,-0.001589031,0.002189746,-0.076003511,0.003868803,0.003522621,0.004393224,0.000658835
17/09/2017,-0.002846822,-0.002631471,0.006537812,0.006772177,0.096096898,-0.000890979,0.001461659,0.003584951,-0.008967935
24/09/2017,0.005705422,0.005282715,0.005782039,-0.013299492,0.000981375,-0.002239797,0.00054696,0.000490094,0.002494418
01/10/2017,-0.001899363,-0.001693844,-0.000734824,-0.005154157,-0.119822452,-0.001009595,0.003186408,0.005284896,-0.009793442
08/10/2017,-0.000410313,-0.000409529,-0.003878713,0.022488104,0.11992359,0.000788587,0.001011721,-0.000238434,-0.006819977
15/10/2017,0.007860791,0.007587118,0.005431642,-0.015650029,-0.013565198,-0.001283674,0.000332003,0.001762355,0.013815387
22/10/2017,0.00263309,0.002696709,0.000780998,-0.003701722,0.010258251,0.001086935,-6.26E-06,0.002622794,-0.021049569
29/10/2017,-0.009649325,-0.010108122,0.005837715,0.022571835,-0.076919465,0.000902761,0.002565669,0.000958934,0.006827777
05/11/2017,0.014376938,0.014050397,0.007085442,0.004943523,0.066908367,0.000120504,0.002639003,0.004252792,-0.006225271
12/11/2017,-0.00954552,-0.009856124,-0.000702722,0.016177595,-0.015606361,-0.001574533,-0.004087871,-0.006009533,-0.006954001
19/11/2017,0.001106866,0.001924463,-0.002556818,-0.002209867,-0.024690652,-0.002060829,-0.000602357,0.000370614,-0.013470015
26/11/2017,0.005024066,0.004330287,0.003580468,0.007792944,-0.039375358,-0.001191103,-0.000185709,0.000403655,-0.001611206
03/12/2017,-0.002427167,-0.00199194,-0.000974739,-0.001765702,0.025343212,0.002421365,-0.000298936,-0.007699231,-0.012947125
10/12/2017,-0.008468566,-0.00799229,0.00106214,0.013730071,0.025409692,0.001025295,0.001539811,0.002053762,-0.003851461
17/12/2017,0.003356853,0.002562234,-0.001453905,0.003354251,0.040737013,0.003199056,0.001181294,0.001302564,0.001245512
24/12/2017,0.02148152,0.02067974,0.003173913,-0.023523458,-0.318914482,0.0001997,-0.002582999,-0.002631552,0.014419227
31/12/2017,-0.004086272,-0.003343965,-0.001464097,-0.016767843,-0.6511705,0.002636992,-0.00316628,-0.002395931,0.006396212
07/01/2018,-0.00401108,-0.004115435,0.003956908,0.010281344,-0.015337684,0.006523716,0.005956881,0.007953485,-0.006578447
14/01/2018,0.00209725,0.002148268,0.003190627,-0.003147881,-0.019706275,-6.72E-05,-0.00146674,-0.001111108,-0.025288042
21/01/2018,0.016410519,0.016656826,-0.001880087,-0.006368885,0.050738336,0.000492303,0.002556174,0.009302721,0.014557531
28/01/2018,0.00440753,0.004114741,0.003314489,-0.012736884,-0.118885282,0.002106585,-0.001325267,-0.000895584,0.011938213
04/02/2018,5.29E-05,0.00015794,-0.003121693,0.011046148,0.143764259,-0.004767196,-0.006688022,-0.007006912,-0.020049635
11/02/2018,0.005755503,0.005268648,-0.010111274,0.002687312,-0.045437981,-0.004344042,-0.005678597,-0.006867898,0.003302152
18/02/2018,0.00533688,0.005618562,0.004387894,-0.000442994,0.060995284,0.005002528,0.002127116,0.005066062,0.003619471
25/02/2018,-0.000982515,-0.001420988,0.005530584,0.014967764,-0.010608702,-0.000453803,0.001202735,0.00404785,-0.047063684
04/03/2018,0.008422686,0.008692521,-0.00399659,0.007059741,0.007042839,-0.003403712,-0.005597639,-0.003090587,0.037545579
11/03/2018,0.0110409,0.011052773,-0.001233498,-0.010693969,-0.024874352,-0.005455942,0.00424246,0.009115891,0.042777455
18/03/2018,4.30E-05,-8.58E-05,0.001271283,0.024979988,0.025048958,-0.002315797,-0.001389222,0.001455817,-0.042173221
25/03/2018,0.020998075,0.020697368,0.006823774,-0.037896072,0.010374803,-0.000344471,-0.005387254,-0.007298735,0.027308381
01/04/2018,0.00380975,0.004098642,-0.003378063,0.010073218,-0.092673126,-0.005058583,0.002633068,-0.001120061,0.010009379
08/04/2018,0.000108403,0.000216286,-0.001308299,-0.010047826,0.061987277,0.001238846,0.002525695,0.001366392,0.024956923
15/04/2018,0.007972714,0.007917131,0.007282943,0.002823968,0.012879306,-0.001475127,0.001778063,0.003511328,0.009250358
22/04/2018,-0.011076442,-0.010901771,0.0055584,-0.004082031,-0.05130851,0.000382961,0.001754726,-0.002075375,0.006412353
29/04/2018,0.006653267,0.006822824,0.001337497,0.013862352,-0.131712679,0.006138363,0.000453455,-2.65E-05,-0.003394479
06/05/2018,0.00145055,0.001941038,0.010376566,-0.001752743,-0.029914422,-0.002961555,0.003094075,0.004924101,0.021166138
13/05/2018,0.011401261,0.0118423,0.000644882,0.005135391,0.001240446,0.002395097,0.000885699,0.003233679,-0.005272952
20/05/2018,0.010335192,0.00928185,0.004442251,0.002020213,-0.259045114,0.00313225,0.001513063,0.002665393,0.003020958
27/05/2018,0.006280446,0.005521953,-0.007383842,-0.000128744,0.292315704,0.002975828,-0.002586886,3.46E-05,0.014265443
03/06/2018,-0.004020649,-0.003356607,-0.00566077,0.007820757,0.009586246,0.007602889,-0.001482461,0.000511634,0.001701597
10/06/2018,-0.002397446,-0.002394395,0.000630717,-0.005699971,0.005063518,0.002058254,0.000694939,0.002743063,-8.88E-05
17/06/2018,-0.009522063,-0.009672857,0.001320566,-0.003667179,-0.012802657,0.001761516,0.000838648,0.002547308,-0.001949974
24/06/2018,0.004539617,0.00469692,0.004805437,-0.004932375,0.002647646,-0.001553148,-0.005874961,-0.00454791,-0.008829529
01/07/2018,-0.000222,-6.33E-05,0.012205966,0.000506502,0.008794456,0.00056108,-0.001306901,-0.004881403,0.008344904
08/07/2018,0.008022591,0.007823838,-0.001814203,0.013066708,-0.00443682,0.001608629,0.003079894,0.001416171,0.004033348
15/07/2018,0.000628734,0.000866619,-0.008956897,-0.0013182,0.020524704,0.00239965,0.000299282,0.001855372,0.004411796
22/07/2018,0.011200085,0.01122597,-0.000703472,2.91E-05,0.003203327,0.000322295,-1.60E-05,0.00728602,-7.17E-05
29/07/2018,-0.001722865,-0.001773613,0.001932272,-7.28E-06,0.000440717,-0.001618795,0.002996464,0.000182671,0.005666458
05/08/2018,0.004431528,0.004447488,-0.000152023,3.64E-05,0.018202881,2.03E-05,-0.002414894,0.000163867,0.001915223
12/08/2018,0.003083271,0.002916372,-0.000947779,0.005065956,-0.016146977,0.000243957,-0.002555349,-0.003209948,-0.01046073
19/08/2018,0.002940199,0.003169204,-0.002898107,0.00100035,0.003104341,0.000668742,-0.001037169,-0.004209045,0.004352655
26/08/2018,0.019746659,0.019780042,0.002648068,0.012308733,-0.032521983,0.000967161,0.002298199,0.003263986,-0.018079536
02/09/2018,-0.00429557,-0.004257875,0.00307472,0.005070153,0.047511056,-0.002103853,-0.001588144,0.000533501,0.006802839
09/09/2018,0.026119764,0.025762948,-0.004633177,0.010636666,0.001698306,-0.002197372,-0.004402448,-0.012759289,-0.001868003
16/09/2018,-0.024935377,-0.024721119,0.001687564,-0.005555525,-0.004284232,-0.000227826,0.001521884,-0.001839987,-0.003677496
23/09/2018,0.011226375,0.01145419,0.004524942,0.011745008,-0.067606506,-0.001521212,0.003171865,0.003083333,-0.00663612
30/09/2018,-0.006674225,-0.006913616,0.007926089,-0.008063859,0.064902942,0.000877196,-0.000801428,0.002033382,-0.017151716
07/10/2018,0.004585224,0.004422358,0.000545989,-0.001136545,0.006029393,-0.001633389,-0.003598777,-0.004858012,0.005722735
14/10/2018,-0.019320959,-0.019690033,-0.00630072,-0.007848128,-0.010267243,-0.004906276,-0.005064405,-0.008933271,0.003973208
21/10/2018,0.000446351,0.000744049,-0.003900885,-0.015734543,-0.008209313,0.001085711,-0.000616377,0.002451112,-0.015489739
28/10/2018,-0.015879182,-0.016030594,-0.002851885,0.009492157,-0.034880407,-0.001982192,-0.003049987,-0.0074484,-0.01595029
04/11/2018,-0.000276962,-0.000360226,-0.009008544,-0.00738881,0.037553068,-0.006483913,0.002663034,0.006014762,0.010760852
11/11/2018,0.022878367,0.022894789,-0.005725045,0.000746169,-0.005837958,0.002908134,-0.001367958,-0.001398094,-0.004492854
18/11/2018,-0.008516058,-0.008421544,-0.01033935,0.01259417,-0.018534211,-0.004199298,-0.001470214,-0.004689506,-0.026057083
25/11/2018,0.006972411,0.006996286,-0.013093543,-0.005120831,0.06054597,-0.001794623,0.000303928,6.12E-05,0.001275721
02/12/2018,0.004558657,0.004604147,0.002869447,-0.00418943,-0.071630496,0.000958384,0.00120022,0.005663674,-0.003351999
09/12/2018,0.000577015,0.000645787,-0.002437965,-0.004978573,-0.030032665,0.000581241,-0.009305257,-0.0116239,0.011088428
16/12/2018,0.02111705,0.021157621,-0.00293007,0.011511542,0.093112747,-0.000861078,0.001675668,0.002938448,-0.027590903
23/12/2018,0.003803475,0.005870603,-0.021500487,0.003086694,-0.056174106,-0.001077819,-0.003394424,-0.010640514,0.02134403
30/12/2018,0.000998668,0.000744623,0.005311104,-0.021650098,0.022165265,0.001077819,0.000239958,0.005127173,-0.006433878
06/01/2019,-0.020222749,-0.02095668,0.009051538,0.028393365,0.138513662,-0.004731886,0.003347279,-0.001195791,-0.027452013
13/01/2019,-0.000507862,-0.000860272,0.006912548,0.000520427,-0.066137742,-0.002347329,0.001479933,0.004062594,0.011671939
20/01/2019,0.011892154,0.012080764,0.007804172,0.004754066,0.108920951,0.002754773,0.003799502,0.00404063,-0.021786331
27/01/2019,-0.008602156,-0.008444469,-0.002468025,-0.011846436,-0.046724925,-0.000383445,0.000954662,0.008681043,0.005768719
03/02/2019,-0.002676559,-0.003278969,0.005712003,-0.012132043,-0.019237975,-0.00139868,-0.000716409,0.002210482,0.020623424
10/02/2019,-0.001998035,-0.0018807,-0.00414722,-0.004758568,-0.045789627,-0.002025684,-0.002569916,0.002038015,0.008834655
17/02/2019,-0.015041989,-0.014966443,0.008525087,-0.006843352,0.053214499,-0.002855004,0.004113835,0.00393605,0.003510046
24/02/2019,-0.007168739,-0.007267953,0.000134971,-0.007810457,-0.006262113,-0.00120874,0.002383338,0.001117805,-0.013344529
03/03/2019,0.025344058,0.025098373,0.000701719,-4.73E-05,-0.172135577,0.005384919,0.001314067,-1.69E-05,0.021806363
10/03/2019,-0.001982109,-0.00197337,0.001848261,-0.002625159,0.152364068,-0.004276517,-0.000998103,-0.00206484,0.006196707
17/03/2019,-0.003242744,-0.003163333,0.004747758,-0.01790807,-0.027404476,-0.001615078,0.001869372,0.006650947,0.001400019
24/03/2019,-0.007903801,-0.007886073,0.000164719,-0.011953449,0.001646402,-0.000533951,-0.003899034,-0.002033211,0.004119571
31/03/2019,0.006375202,0.006277745,0.006542581,-0.00341268,0.023298814,-0.012032433,0.003450205,0.002822574,0.002245997
07/04/2019,0.016290923,0.015949183,0.006030066,0.024062118,0.022198598,-0.010401514,0.004222008,0.007983119,0.002828196
14/04/2019,0.013110897,0.012710111,-0.001591763,-0.009111589,-0.008517955,0.007687804,0.000412592,-0.00153717,-0.013865214
21/04/2019,0.004768102,0.00504513,0.004238777,-0.015327554,-0.046742777,0.000296296,0.002944677,0.004552591,0.033268658
28/04/2019,-0.008278508,-0.007713352,-0.004623358,0.016508578,0.178906556,0.003676022,0.001233264,0.00167,-0.012829307
05/05/2019,-0.00500979,-0.005330004,-0.003249689,0.000772302,0.003725214,0.001372317,5.91E-05,-0.000685096,-0.012904791
12/05/2019,-0.000378179,-0.00016981,-0.00253694,9.78E-05,-0.017331023,-0.002340844,-0.004605524,-0.008695754,0.018041545
19/05/2019,0.000368737,0.00063105,0.004886169,-0.010478818,0.023640599,-0.003059036,0.002013688,0.002067938,0.008379922
26/05/2019,0.001474849,0.001076688,-0.009859441,-0.016054198,-0.038518223,-0.000483058,-0.000662772,-0.002179856,0.007197189
02/06/2019,-0.008422779,-0.008889362,-0.014301207,-0.015147973,0.006130451,-0.012515612,-0.00336216,-0.002066609,0.012531489
09/06/2019,7.35E-05,0.00085729,-0.005261709,0.012535585,0.070279027,-0.009076581,0.003530905,0.001252697,-0.00792323
16/06/2019,0.001668844,0.001349208,-0.002418954,-0.001823643,0.040527059,-0.004020697,-0.000132857,-0.002358622,0.003870534
23/06/2019,0.005499501,0.005694505,0.012693043,-0.005985333,-0.027064579,-0.000804453,0.002425445,0.005975452,0.0032925
30/06/2019,0.003784636,0.003775065,0.003511045,-0.016828002,-0.006399239,-0.003815201,0.002123755,0.006315823,0.007311174
07/07/2019,-0.000143036,-0.00026764,-0.001869848,0.021727942,0.011367976,0.012992966,0.000814148,-0.001574177,-0.008948555
14/07/2019,0.01192096,0.012066594,0.004732704,0.029212268,0.021752518,-0.002095741,-0.002131042,-0.001319654,-0.006050253
21/07/2019,-0.000148184,-0.000312184,-0.008776189,-0.037414022,0.003597923,-0.000128008,-0.00100136,0.011133332,0.013344114
28/07/2019,-0.002828288,-0.002874352,0.002692734,-0.005731161,0.009341243,-0.003664452,0.001604047,0.003452521,-0.002047596
04/08/2019,0.002481927,0.002660359,-0.004748545,0.024152708,0.002428225,-0.007070246,-0.008147895,-0.010209952,-0.006766872
11/08/2019,-0.008592559,-0.008658601,-0.001019615,-0.007803246,-0.016471606,-0.003140611,-0.000554406,-0.000661749,0.005624288
18/08/2019,-0.004308293,-0.004462149,0.004044983,-0.014356256,-0.025782912,-0.002455445,-0.00024343,0.001435949,-0.001260425
25/08/2019,-0.004330448,-0.004345172,-0.005415889,-0.010709192,0.040327766,-0.001261838,-0.000269242,-0.001310474,0.004239777
01/09/2019,-1.86E-05,3.72E-05,0.003681263,0.003845111,-0.021865176,-0.001017557,0.003711194,0.006334771,-0.00583523
08/09/2019,-0.00289865,-0.00318038,0.00643111,0.00403077,0.021395096,0.001089963,0.003141768,0.009206242,-0.015461124
15/09/2019,0.009738185,0.010029825,0.007168938,0.023382231,0.005057418,0.000469747,0.002263466,0.00422325,0.002800972
22/09/2019,-0.004199598,-0.00432224,-0.003834728,-0.022210615,-0.009456312,-0.001341051,-0.000293774,-0.000188961,-0.009214319
29/09/2019,-0.006320323,-0.00635607,-0.008533661,-0.00198471,-0.098794602,0.006756575,0.000324277,3.95E-05,0.004021288
06/10/2019,-0.009853393,-0.009565577,-0.005949804,0.009778293,0.100404096,-0.005343392,-0.004004943,-0.003806966,-0.024591246
13/10/2019,0.006036409,0.005729476,0.002495471,-0.015137795,-0.032454981,0.000963069,0.004951963,0.005240775,0.019617984
20/10/2019,0.009458911,0.009293407,-0.002832843,-0.000832406,0.029512036,0.002316231,0.002436295,-0.000872046,-0.008359203
27/10/2019,-0.004746149,-0.004713703,0.007640206,-0.029165301,-0.004244907,-0.000954624,0.002408926,0.007007088,-0.008338074
03/11/2019,0.002504843,0.002600558,0.000141186,0.050512598,-0.013178816,0.000425065,0.00166893,0.002013336,-0.002330296
10/11/2019,-0.003496249,-0.003497174,0.002896261,0.033868175,0.008630257,-0.000886984,0.001419147,0.000489236,-0.020517213
17/11/2019,-0.007966431,-0.007928162,0.000202673,0.010242061,0.000866118,0.001028391,0.000109808,0.003365046,0.00517655
24/11/2019,0.005574169,0.00543792,0.002409916,0.006391106,0.03026594,-0.000531002,3.64E-06,-0.001073002,-0.011308997
01/12/2019,0.000872798,0.001028382,-0.006178369,-0.004190681,-0.014518429,0.001165611,-0.001779935,-0.001339463,-0.020533808
08/12/2019,0.002528615,0.001778508,0.012204305,-0.039157965,-0.123455495,-0.003828582,0.001698341,0.007922112,0.011033169
15/12/2019,-0.002800834,-0.001975766,0.001586284,-0.012918971,0.079744121,0.00028715,0.002589321,0.005530008,0.001111312
22/12/2019,0.010474722,0.010785388,0.001438054,0.001084384,-0.072998411,-0.000899267,-0.000632637,0.001653193,0.008973201
29/12/2019,-0.005374858,-0.005346705,0.001294091,-0.001228718,0.006106667,0.002857953,-0.000307115,-0.000695616,-0.033595256
05/01/2020,-0.006306074,-0.006058119,0.003628069,-0.016014532,0.057083084,3.54E-05,-0.001304179,0.00030119,0.007812781
12/01/2020,-0.001789055,-0.002209125,-0.010599822,0.009597432,-0.001695989,0.009175581,0.003267418,0.001323208,-0.001700761
19/01/2020,0.006478357,0.006056137,0.000643114,-0.005229964,0.023861953,-0.003763153,0.000838202,0.00131636,-0.000143503
26/01/2020,-0.004279606,-0.003866413,-0.011719641,-0.009054666,-0.024584127,-0.001712525,-0.002260625,-0.002853096,0.006534729
02/02/2020,-0.006476051,-0.006591216,-0.00857117,-0.008728964,-0.043440986,-0.004337818,-0.003302834,-0.002643172,0.029470988
09/02/2020,-0.00124892,-0.001244817,-0.000291971,-0.020912793,-0.179379917,0.002534742,0.005133299,0.010030527,-0.023936623
16/02/2020,0.009061764,0.009059952,0.010170959,-0.003853887,0.190633172,0.003534773,0.003576357,0.006648838,0.00714107
23/02/2020,0.004041231,0.003606078,0.00455163,0.019024145,0.339671313,-0.001691718,-0.004280987,-0.004431057,-0.004418848
01/03/2020,-0.008052917,-0.007713248,-0.020763576,-0.002070064,0.021770591,-0.002687491,-0.015367066,-0.014161685,-0.005803226
08/03/2020,-0.001302225,-0.001503987,-0.044849956,-0.013651344,0.015991313,-0.002811813,-0.011762122,-0.007190701,-0.001958655
15/03/2020,-0.020092778,-0.019754682,-0.018012625,0.013583519,-0.024826992,0.000508777,-0.02927107,-0.018302318,-0.004625871
22/03/2020,-0.046639776,-0.045707324,-0.047667795,-0.024523562,-0.213224488,0.00202124,0.00052535,0.000218568,0.023119012
29/03/2020,0.009394714,0.009507881,-0.020574245,-0.018769687,0.045325026,0.004430858,0.014654822,0.015927918,0.01496996
05/04/2020,0.021842251,0.021419664,0.041282798,-0.025236687,-0.042327913,-0.007377221,0.001995505,-2.74E-05,0.013308116
12/04/2020,0.007600843,0.00754778,-0.03069573,-0.01725625,-0.055215891,-0.003072483,0.011795085,0.010109309,0.010606085
19/04/2020,0.020243659,0.019749996,-0.049978321,-0.040624418,0.00411173,-0.006369771,-0.001042828,0.009999361,0.007827768
26/04/2020,0.005714674,0.005272626,0.070132392,0.044967938,0.23487011,-0.025072542,0.005810911,0.007152378,0.001053449
03/05/2020,-0.007332539,-0.006951615,0.049029606,0.027839917,0.004846814,-0.008768108,0.000182471,-0.001567976,0.007558826
10/05/2020,-0.001746941,-0.001747038,0.028148414,-0.006800408,-0.089794468,0.001954428,0.00381531,0.007122739,0.009136458
17/05/2020,0.005646103,0.005960848,0.033907902,-0.004432715,0.048371738,-0.000741395,0.000124791,-0.00239704,-0.008428854
24/05/2020,0.014105669,0.013698466,0.013662967,-0.048590353,-0.130684002,0.00271322,0.00388253,0.009899895,0.017834606
31/05/2020,0.001332181,0.001817335,0.004397818,-0.015089797,-0.160202083,0.006670713,0.006418188,1.41E-05,0.005612879
07/06/2020,0.005547762,0.007161162,0.010102818,0.036623671,0.234641917,0.001739001,0.011894376,0.009203856,0.007722934
14/06/2020,-0.003051854,-0.004870361,-0.006577487,0.010565681,-0.001464745,-0.004834139,-0.010450283,-0.00408951,0.005198857
21/06/2020,0.014221471,0.014041999,0.012971894,-0.002654725,-0.006928622,-0.000447688,0.004267502,0.008145701,-0.00079787
28/06/2020,0.008965264,0.009589047,-0.003202244,0.003660444,-0.010519999,-0.000359163,-0.00117956,0.000321544,0.005022434
05/07/2020,0.014291793,0.013895675,0.006387984,-0.011551767,-0.115818192,-0.00196049,0.00556246,0.007718113,-0.007479187
12/07/2020,0.000621902,9.81E-05,-0.002095464,-0.01294107,0.12468296,-0.000862913,0.000894191,0.003793476,-0.005735597
19/07/2020,-0.012912009,-0.011967126,0.000589434,0.00591494,-0.005192282,-0.000547696,0.002884349,-0.004078147,0.006528448
26/07/2020,-0.006903008,-0.006996698,-0.0007103,-0.001546907,-0.001875995,0.00027411,-0.001835545,-0.003754849,0.011797453
02/08/2020,0.003995747,0.003977718,-0.003206439,0.006785536,0.017308404,0.000592108,-0.003408419,-0.005991978,-0.013619083
09/08/2020,0.002387943,0.002395266,0.003273599,0.058039248,0.001007951,-0.004572188,0.001671542,0.001580117,0.00639094
16/08/2020,-0.003101178,-0.003361074,0.00182802,0.008467633,0.012494567,-0.000847261,0.002577402,0.002776893,-0.011607976
23/08/2020,0.004671249,0.005188847,0.000595377,-0.010500016,0.014654519,-0.001996705,0.000571205,-0.000857658,0.00690789
30/08/2020,0.010664146,0.00995953,-0.000953798,0.049537183,0.027043383,0.004198514,9.57E-05,-0.001427239,0.002515408
06/09/2020,-0.009128697,-0.009941899,-0.014450221,0.011465977,-0.030863494,-0.00729581,0.000437034,-0.003141152,-0.018390034
13/09/2020,0.012979176,0.013594903,-0.00417828,-0.026639799,0.028383597,0.005988184,0.001987338,0.002046056,0.006409308
20/09/2020,-0.014124789,-0.013771313,0.01060524,0.0237307,0.020020947,0.00434334,-0.005102215,-0.002395415,-0.020568493
27/09/2020,0.001391162,0.00084479,0.003732772,0.013548608,-0.036692513,0.012080857,3.67E-05,0.002671726,0.009622282
04/10/2020,-0.00123199,-0.00222832,-0.008667509,0.010382866,-0.055302831,0.002446315,0.000502784,0.003648655,-0.020028195
11/10/2020,-0.006084556,-0.004803135,0.004215904,0.005546603,0.05421046,-0.002195615,0.003613807,0.005369172,0.010504542
18/10/2020,-0.004820819,-0.005333352,0.004287149,0.014861948,-0.007055337,-0.000167084,-0.002601641,-0.000671951,-0.001025472
25/10/2020,-0.003261148,-0.002918907,-0.00741569,0.006739842,-0.02199486,0.002568101,-0.00611509,-0.007330873,-0.00461702
01/11/2020,-0.004319727,-0.004523559,-0.007197684,-0.034061391,-0.070275754,0.003246893,-0.007396984,-0.001146359,-0.020400756
08/11/2020,0.014380001,0.014552739,0.007961127,0.015499473,0.093036606,0.006088305,0.013710399,0.014042938,-0.003193542
15/11/2020,0.004512219,0.00254416,0.006061387,-0.000339624,-0.064919873,0.000843496,0.00249733,0.00204872,-0.005499388
22/11/2020,0.000334498,0.0023062,0.006131571,-0.005440744,0.060884548,0.002501011,0.000135156,-0.000166116,-0.002665129
29/11/2020,0.008780599,0.008173309,0.007252406,0.015315003,0.025674368,0.010393534,0.00189788,0.001332143,0.006379869
06/12/2020,0.004812759,0.005125323,-0.000514982,0.009710789,-0.022117307,0.01481729,-0.000275974,0.005655269,-0.021321986
13/12/2020,0.00439256,0.004622182,0.002741825,0.005534147,-0.005668127,0.005163887,-0.001008764,-0.001883257,0.007800398
20/12/2020,0.00049528,0.000526806,0.002968535,0.000786885,-0.014723269,0.002707418,0.0020169,0.002592143,0.01274811
25/12/2020,0.00983836,0.012472329,0.000295989,0.027254831,-0.141120387,0.003289446,0.004350072,0.004998637,-0.009622234
31/12/2020,-0.007213888,-0.002338368,0.003392785,0.030892095,0.052641999,-0.010565488,-0.000562427,0.001233396,-0.014137855
